<?xml version="1.0" encoding="UTF-8"?>
<!--

    Copyright (c) 2012, University of Konstanz, Distributed Systems Group
    All rights reserved.

    Redistribution and use in source and binary forms, with or without
    modification, are permitted provided that the following conditions are met:
        * Redistributions of source code must retain the above copyright
          notice, this list of conditions and the following disclaimer.
        * Redistributions in binary form must reproduce the above copyright
          notice, this list of conditions and the following disclaimer in the
          documentation and/or other materials provided with the distribution.
        * Neither the name of the University of Konstanz nor the
          names of its contributors may be used to endorse or promote products
          derived from this software without specific prior written permission.

    THIS SOFTWARE IS PROVIDED BY THE COPYRIGHT HOLDERS AND CONTRIBUTORS "AS IS" AND
    ANY EXPRESS OR IMPLIED WARRANTIES, INCLUDING, BUT NOT LIMITED TO, THE IMPLIED
    WARRANTIES OF MERCHANTABILITY AND FITNESS FOR A PARTICULAR PURPOSE ARE
    DISCLAIMED. IN NO EVENT SHALL <COPYRIGHT HOLDER> BE LIABLE FOR ANY
    DIRECT, INDIRECT, INCIDENTAL, SPECIAL, EXEMPLARY, OR CONSEQUENTIAL DAMAGES
    (INCLUDING, BUT NOT LIMITED TO, PROCUREMENT OF SUBSTITUTE GOODS OR SERVICES;
    LOSS OF USE, DATA, OR PROFITS; OR BUSINESS INTERRUPTION) HOWEVER CAUSED AND
    ON ANY THEORY OF LIABILITY, WHETHER IN CONTRACT, STRICT LIABILITY, OR TORT
    (INCLUDING NEGLIGENCE OR OTHERWISE) ARISING IN ANY WAY OUT OF THE USE OF THIS
    SOFTWARE, EVEN IF ADVISED OF THE POSSIBILITY OF SUCH DAMAGE.

-->
<feature
      id="org.jscsi.whiskas"
      label="Whiskas"
      version="1.0.0"
      provider-name="University of Konstanz"
      plugin="org.jscsi.whiskas">

   <description url="http://jscsi.sourceforge.net/update">
      Whiskas is a Eclipse plugin and visualizing tool for jSCSI, which
supports the analysis of block layout and access patterns.
   </description>

   <copyright>
      Copyright 2007 University of Konstanz
   </copyright>

   <license url="http://www.apache.org/licenses/LICENSE-2.0">
      Licensed under the Apache License, Version 2.0 (the &quot;License&quot;);
you may not use this file except in compliance with the License.
You may obtain a copy of the License at
http://www.apache.org/licenses/LICENSE-2.0
Unless required by applicable law or agreed to in writing, software
distributed under the License is distributed on an &quot;AS IS&quot; BASIS,
WITHOUT WARRANTIES OR CONDITIONS OF ANY KIND, either express
or implied.
See the License for the specific language governing permissions
and
limitations under the License.
   </license>

   <url>
      <update label="Whiskas Update Site" url="http://jscsi.sourceforge.net/update"/>
   </url>

   <requires>
      <import plugin="org.eclipse.core.runtime.compatibility"/>
      <import plugin="org.eclipse.ui"/>
   </requires>

   <plugin
         id="org.jscsi.whiskas"
         download-size="480"
         install-size="560"
         version="1.0.0"/>

</feature>
